質問,"回答"
Wi-Fiの周波数について教えてください。,"周波数ごとに特徴が異なる。\n\n■2.4GHz\n・通信距離が長い\n・壁や床などの障害物に強い\n・遠い部屋や階が違う場合に向いている\n\n■5GHz\n・通信距離は短い\n・障害物に弱い\n・ルーターの近くで利用する場合に向いている"
スリム光やひかり電話など各種サービスを解約する場合、解約金・違約金や手数料はいくらかかりますか？,"サービス内容・利用期間・申込時期によって異なる。\n\n・工事費が残っている場合：満了が2年のため、満了前の解約は残工事費を請求。\n・解約金：2年自動更新。更新月を含む2ケ月以外の解約は解約金が発生。\n➤定額プラン：5,000円\n➤電話のみプラン：2,200円\n・解約希望は1ヶ月前までに連絡が必要。"
パソコン・スマートフォンを買い替えた場合、Wi-Fi接続の設定はどうすれば良いですか？,"回線側の設定は不要。新しい端末でWi-Fiネットワークを再設定するだけでよい。\n\n■PC（Windows）\n・タスクバーのネットワークアイコンから接続するWi-Fiを選び、パスワードを入力。\n参考URL(Microsoft)\nhttps://support.microsoft.com/ja-jp/windows/windows-%E3%81%A7-wi-fi-%E3%83%8D%E3%83%83%E3%83%88%E3%83%AF%E3%83%BC%E3%82%AF%E3%81%AB%E6%8E%A5%E7%B6%9A%E3%81%99%E3%82%8B-1f881677-b569-0cd5-010d-e3cd3579d263 \n\n■Android\n・設定→ネットワークとインターネット→利用するWi-Fiを選択し、パスワードを入力。\n参考URL(Google)\nhttps://support.google.com/android/answer/9075847?hl=ja \n\n■iPhone / iPad\n・設定→Wi-Fi→ネットワークを選び、パスワードを入力。\n参考URL(Apple)\nhttps://support.apple.com/ja-jp/111107"
スリム光を契約した際の初期費用はいくらですか？,"プランや利用状況により初期費用が異なる。以下を基本とする。\n\n■ネットのみ（通常）\n・引込工事：22,000円\n・契約料：880円\n・セットアップ料：2,900円（必要な場合のみ）\n\n■ネット＋電話（通常）\n引込工事：22,000円\n・契約料：880円\n・セットアップ料：2,900円（必要な場合のみ）\n・鳴り分け（2番号以上）：1,100円\n・交換機等工事費：1,100円（必要な場合のみ）\n・同番移行工事費（1番号）：2,200円\n休止工事費：1,100円（必要な場合のみ）\n\n■ネットのみ（通常以外）\n・引込工事：22,000円（分割請求）\n・契約料：880円\n\n■ネット＋電話（通常以外）\n・引込工事：22,000円（分割請求）\n・契約料：880円\n・交換機等工事費：1,100円（必要な場合のみ）\n・同番移行工事費（1番号）：2,200円\n休止工事費：1,100円（必要な場合のみ）\n\n※状況により不要な費用・会社負担になる費用があるため、必ず個別確認すること。\n※基本同額の割引にて相殺のため実質無料。"
料金未納で電話やインターネットが停止しています。未払い料金の支払後、どれくらいで復旧しますか？,"入金確認後、早ければ30分〜1時間ほどで復旧する。遅い場合は数時間かかることもある。\n復旧作業は手動対応のため、営業時間内のみ受付可能。\n・平日：10:00〜19:00\n・土曜：10:00〜17:00\n・日曜、祝日、年末年始：対応不可"
スリム光はどのエリアで利用できますか？,"スリム光はNTT東日本・NTT西日本のフレッツ光と同じ提供エリアで利用できる。\n提供エリアの確認はこちら：\nhttps://bb-fletsnavi.com/westlp/nttwest/index.html?vd=g1_5_2&gad_source=1&gad_campaignid=22613274467&gbraid=0AAAAA_yDh7HgPrwXQE2cYcWahoCyurNme&gclid=CjwKCAjwiY_GBhBEEiwAFaghvtjmVM4oU-xi7ssgbMYWBRYK9are89Qbfbe5Lxl9ClEqKatp88o05hoCSl0QAvD_BwE"
固定IPアドレスとは何ですか？,"固定IPアドレスとは、常に同じIPアドレスでインターネット接続できるサービス。再接続やルーター再起動後もIPが変わらない。\n料金：月額1,650円(税込)"
光回線の工事はどのように行われますか？,"建物や環境により異なるが、標準的な宅内工事は以下の流れになる（所要時間:約1〜2時間）\n\n①光ファイバーケーブルの引き込み\n・電柱から光ファイバーを宅内に引き込む\n・既存の電話線、エアコンダクト、配管を活用することが多い\n・必要な場合は壁に小さな穴を開ける場合もある\n\n②光コンセントの設置\n・宅内に光コンセント(光ケーブルの差し込み口)を設置\n\n③ONU（回線終端装置）の設置\n・光コンセント付近にONUを設置し、電源を投入して回線を終端する"
光回線の開通までどれくらい時間がかかりますか？,"標準開通期間は、申込後おおよそ2週間〜2ケ月。\n・地域や建物状況により変動する\n・引っ越しシーズン（春）は特に混雑し、通常より時間がかかる"
最低利用期間はありますか？,"最低利用期間は2年。契約は2年契約の自動更新。更新月を含む2ケ月以外の解約は解約金が発生する。\n\n■解約金\n・定額制プラン：5,000円\n・電話のみプラン：2,000円\n\n工事費残債\n・工事費が分割中の場合、契約満了の2年より前に解約すると残工事費も請求される\n\n■プラン変更\n・プラン変更時は事務手数料の3,300円が発生"
インターネットや回線の利用休止はできますか？,"利用休止はできない。期間を指定した一時停止も不可。"
短期間だけの利用はできますか？,"短期間の利用も可能。ただし契約は2年契約の自動更新。\n\n■解約金\n・更新月を含む2か月以外の解約は解約金が発生\n・定額制プラン：5,000円\n・電話のみプラン：2,200円\n\n工事費残債\n・工事費が分割中の場合、2年満了前の解約は残工事費を請求"
法人でも申込みはできますか？,"個人・法人ともに、すべてのプランで申込み可能。"
プロバイダー加入は必要ですか？,"インターネット利用の場合は必須。\nスリム光はプロバイダー料金込みのため、別途契約は不要。\n※電話のみプランには含まれない。"
転用番号はどのような方法で取得できますか？,"インターネットまたは電話で取得できる。東日本・西日本で窓口が異なる。\n\n■インターネット\n・西日本：https://flets-w.com/collabo/tenyou/entry/ \n・東日本：https://flets.com/app4/input/index/ \n\n■電話\n・西日本：0120-553-104（9:00〜17:00）\n・東日本：0120-140-202（9:00〜17:00）\n※土日祝対応可(年末年始除く)"
事業者変更番号とは何ですか？どうやって取得しますか？,"NTT光コラボ事業者から別の光コラボ事業者へ乗り換える際に必要な番号。\n\n■対象例\n・ドコモ光\n・ソフトバンク光\n・楽天ひかり\n・So-net光　など\n\n光コラボ事業者一覧：\nhttps://flets.com/collabo/list/?utm_source=chatgpt.com \n\n■取得方法\n・お客様からの電話受付後、当社で発行\n・発行後は郵送で送付\n・到着まで早くて翌日～翌々日\n\n■手数料\n・発行手数料：3,300円\n・当月利用料金と合算請求\n・有効期限：発行から2週間"
IPv6とは何ですか？,"IPv6とは、インターネットプロトコルの第6版で、IPv4に続く次世代の通信規格。\n\n■IPv6の特徴\n・IPアドレスが128ビットで、約340澗(かん)個のアドレスを利用可能\n・IPv4（約43憶個）に比べ、圧倒的に多くの端末を接続できる\n・IPoE方式を利用することで、回線混雑を避けやすい\n・IPv4に比べ、通信速度が向上する場合がある\n・IPSecが標準搭載されており、セキュリティが強化されている"
支払い方法を変更したいです。どんな種類がありますか？,"以下の4種類から選択可能。\n\n・請求書払い：手数料 275円\n→利用月の翌月中旬頃に郵送\n・口座振替：手数料 110円\n→利用月の翌月27日に引落\n・クレジットカード：手数料 0円\n・ドコモ携帯電話合算：手数料 165円\n\n※すべて税込"
電話回線のみの工事はできますか？,"電話回線のみの工事が可能。\n\n■提供サービス\n・スリムひかり電話ネクスト\n・スリムひかり電話ネクストA\n\n■月額料金（税込）\n・スリムひかり電話ネクスト：2,750円\n・スリムひかり電話ネクストA：3,850円\n\nネクストAには以下のオプションが含まれる\n(ナンバーディスプレイ、ボイスワープ、キャッチホン、迷惑電話お断りサービス、ナンバーリクエスト、着信お知らせメール)\n\n■契約条件\n・契約期間：2年\n・満了月以外の解約：解約金2,200円"
インターネットの速度が遅い場合、どのような原因や対策がありますか？,"通信速度が遅くなる原因は複数考えられる。以下を順に確認する。\n\n■まず試す対策\n・機器の再起動\n・Wi-Fiルーターの設置場所変更\n・Wi-Fiルーターの交換\n・中継器の導入\n\n■端末・機器側の原因\n・スマホやPCのストレージ、メモリ不足\n・OSやソフトウェアが未更新\n・端末やバッテリーの劣化、故障\n・古い機種を使用している\n\n■電波環境の問題\n・電子レンジやBluetooth機器との電波干渉\n・5GHz帯は直進性が高く、壁や床に弱い\n・Wi-Fi電波が届いていない場所で利用している\n\n■設定の問題\n・ルーターやネットワーク機器がループ接続されている\n\n■接続台数\n・同時接続台数が多いと通信速度が低下しやすい"
Wi-Fiルーターが故障した場合、どう対応しますか？,"当社レンタル品の場合は交換対応。\n\n■対応内容\n・代替機を郵送\n・到着後、既存ルーターと入れ替え\n・故障品は返却袋に入れて着払い返送\n\n※自然故障の場合は無料\n※機器が非常に古い場合は、返却不要としてお客様側で処分してもらうケースもある"
アンテナを使わず、光回線でテレビを利用できますか？,"スリムテレビの提供が可能。\n\n■サービス概要\n・NTT東西のフレッツテレビと同等\n・地デジ・BSが視聴可能\n・月額料金：990円（税込）\n\n■チャンネル情報\n・視聴可能チャンネルは地域により異なる\nNTT西日本：\nhttps://flets-w.com/opt/ftv/terms/channel.html \nNTT東日本：\nhttps://flets.com/ftv/channel.html \n\n■利用条件\n・提供エリア内であること\n・対応ルーター、テレビ配線が必要\n\n■オプション\n・スカパー！視聴可能\n基本料：429円＋選択チャンネル視聴料"
セキュリティを導入したい場合、どうすればよいですか？,"利用用途に応じて選択する。\n\n■アンチウイルスソフト\n・PCやスマホなど端末単位で導入\n・ウイルス検知、隔離、駆除を実施\n・利用台数分の契約が必要\n\n■UTM\n・ネットワーク全体を保護\n・不正通信や不要サイトを遮断\n・複数機能を一元管理できる\n\n■補足\n・キングソフトセキュリティ、ゼロセキュリティをスマホ・PC含め最大5台まで無料提供するサービスもある"
Wi-Fiの電波が弱い場合の原因と対処法は？,"以下を確認する。\n\n■主な原因\n・ルーターや端末の設置場所、向きが不適切\n・壁や床などの障害物、電波干渉\n・回線の混雑\n・2.4GHz帯利用による家電との干渉\n\n■対処法\n・機器の再起動\n・設置場所や向きの変更\n・5GHz帯への切替\n・混雑時間帯を避ける\n・ファームウェア更新\n・機器の買い替え\n・中継器やメッシュWi-Fiの導入"
他社で配管がなく工事不可を言われたが、工事はできますか？,"建物状況によっては可能な場合がある。\n\n■対応内容\n・光ファイバー入線のための付帯工事を行う場合がある\n・建物構造によって対応不可となることもある\n・最終判断は現地確認後となる\n\n■費用について\n・付帯工事費は当社負担となるケースが多い\n・ただし、当社負担上限を超える場合は対応不可となることがある\n・開通前にお客様都合で工事キャンセルした場合、工事費を請求する場合がある"
電話機を3台以上使いたい場合、どうすればいいですか？,"同時に3台以上の電話機を利用する場合は、ビジネスホンを検討する。\n\n・電話機の台数によって料金は変わらない\n・番号数や回線数によって料金が変動する"
ナンバーディスプレイを申し込みたい場合、どうすればいいですか？,"ナンバーディスプレイは、着信時に相手の電話番号を表示するサービス。\n\n■料金\n・月額：440円\n・登録事務手数料：3,300円\n\n■利用開始\n・申込から3営業日後（土日祝除く）\n\n■注意\n・ナンバーディスプレイ対応の電話機が必要"
転送電話（ボイスワープ）を申し込みたい場合、どうすればいいですか？,"転送番号は、かかってきた電話を別の電話番号へ転送できるサービス。\n\n■料金\n・月額：550円\n・登録事務手数料：3,300円\n\n■利用開始\n・申込から3営業日後（土日祝除く）\n\n■注意\n・利用には転送設定が必要\n・設定方法は以下を参照\nhttps://www.ntt-west.co.jp/denwa/voicewp/"
新しく電話番号を追加したい場合、どうすればいいですか？,"電話番号は最大5番号まで追加可能。\n\n■料金\n・月額：110円（番号ごと）\n・登録事務手数料：3,300円\n\n■利用開始\n・番号決定後、7営業日後（土日祝除く）\n\n■注意\n\n・複数番号やFAX併用時は「なり分け設定」が必要になる場合がある\n・なり分け：月額1,100円"
キャッチホンを申し込みたい場合、どうすればいいですか？,"キャッチホンは、通話中に別の着信を受けられるサービス。\n\n■料金\n・月額：330円\n・登録事務手数料：3,300円\n\n■利用開始\n・申込から3営業日後（土日祝除く）\n\n■注意\n・特別な設定は不要\n・電話機側がキャッチホン対応している必要がある"
支払方法を口座振替に変更したい場合、どうすればいいですか？,"口座振替の登録書類を郵送。\n記入後、ポストに投函。\n当社で受理後、翌月から口座振替に変更。"
支払方法をクレジット払いに変更したい場合、どうすればいいですか？,"クレジットカードの登録URLをSMSまたはPCに送信。\n当社委託サイトでカード情報を登録。\n登録後、翌月からクレジット支払に変更。"
スリム光サービスのインターネット速度はどのくらいですか？,"利用するサービスにより、速度が異なる。\n\n■スリム光クロスタイプ(マンションタイプ)\n・最大10Gbps\n・複数台で同時に大容量データや動画視聴が快適\n\n■スリム光ギガタイプ(マンションタイプ)\n・最大1Gbps\n・一般的な光回線の速度で多く利用されている\n\n■スリム光マンションタイプ by VDSL\n・最大100Mbps\n・電話線を利用したマンション向け回線で、軽いWeb閲覧やメール向け\n\n※表示速度は最大値であり、実際の通信速度は利用環境や時間帯により異なる"
ビジネスホンの取り扱いはありますか？,"取り扱いあり。\nビジネスホンは、オフィスでの円滑なコミュニケーションに必須のツール。\n\n■特徴\n・角度可変スタンド\n・クラウドサービス対応（らくらくGuidance）\n・誰カラー着信で着信者識別\n・ナンバーディスプレイ対応"
複合機の取り扱いはありますか？,"取り扱いあり。\nコピー、スキャン、プリントに加えて、FAXや無線LAN対応モデルもある。\n\n■特徴\n・高解像度出力\n・無線LAN対応で設置場所に柔軟\n・豊富なセキュリティ対策\n・使いやすい画面操作"
防犯カメラの取り扱いはありますか？,"取り扱いあり。\n屋外用、屋内用、パンチルト対応など様々な種類があり、セット価格で提供。\n\n■主な用途\n・店舗防犯：侵入を未然に防ぐ\n・遠隔監視：外出先からでも監視可能\n・業務効率化：人員配置や作業効率化に貢献\n・サービス向上：顧客行動の分析に活用"
インターネットの設定で、PPPoEとは何ですか？,"PPPoEはインターネット接続方式の一つ。\n主にADSLや光回線で使用され、IDとパスワードで認証して接続。\n特徴：\n・接続時にID・パスワード認証が必要\n・接続に時間がかかる場合がある\n・安定した接続が求められる場合に適している\n\n類似の接続方式にIPoEがあるが、IPoEはID・パスワード無しで接続可能で、より高速。"
契約者の名義は変更できますか？,"変更可能。\n変更手続きには、名義変更者の身分証明書が必要。\n名義変更には約1ヶ月ほどかかる。\n\n■必要書類\n・個人 → 個人(新)：新契約者の身分証明書（運転免許証、マイナンバーカード、健康保険証＋公共料金明細）\n・個人 → 法人：登記簿の写し\n・法人 → 個人：新契約者の身分証明書（運転免許証、マイナンバーカード、健康保険証＋公共料金）\n・法人 → 法人(新) ：登記簿の写し"
確定申告で通信費用の明細が必要です。1年分のご利用明細を送ってもらうことはできますか？,"可能。\n■手数料：330円（税込）\n■申込後、郵送にてお届け。"
電話が故障しました。どうすればいいですか？,"以下の手順で確認。\n\n①お客様の固定電話にかけてみる\n→通話が繋がらない、無音、または故障ガイダンスが流れた場合は故障の可能性\n\n②電源の確認\n→電源ケーブルが抜けていないか確認し、再接続\n\n③回線の確認\n→故障センター（0120-805-113）に問い合わせ、回線の状態を確認\n\n改善しない場合\n→故障センター職員が訪問する場合がある\n※自然故障でない場合、料金が発生することがある"
インターネットが繋がらない場合、どうすればいいですか？,"以下の手順を確認\n\n①ルーターの電源をOFF、ONし再起動を実施\n\n②ランプ状態を確認：\n・電源ランプ消灯 → 電源が入っていないか故障。 → 故障センター（0120-805-113）に連絡\n・PPPランプ：緑 → 正常。Wi-Fiルーターまたは無線LANカードに問題。再起動を実施。\n・PPランプ消灯 → インターネット未接続。再設定が必要。\n・ひかり電話ランプ消灯 → ひかり電話契約がある場合は故障の可能性。 → 故障センター（0120-805-113）に連絡。\n・ACTランプ消灯 → 故障。 → 故障センター（0120-805-113）に連絡。\n・光回線ランプ消灯 → 故障。 → 故障センター（0120-805-113）に連絡。\n\n■参考URL\nhttps://www.ntt-west.co.jp/kiki/support/hgw_lamp/"
スリム光電話で携帯電話などへの発信ができません。どうすればいいですか？,"発信番号にマイラインの設定がされている可能性あり。\n\n■解除手順：\n①電話機の設定メニューを開く\n②「マイライン設定」や「発信設定」を選択\n③「マイラインA/B解除」または「自動設定」に戻す\n\n■それでも解消しない場合：\n１．回線設定の確認 → スリム光電話やルーター設定を見直す\n２．別の電話機で試す → 電話機故障の確認\n３．ソフトウェアのアップデート → 古いバージョンの場合、アップデートで解決することがある\n４．故障センターに問い合わせ → 解決しない場合は、専門スタッフによる点検が必要"
転送電話(ボイスワープ)の設定方法を教えてください。,"主に2つの転送方法がある。\n\n■無条件転送\n・全ての着信を指定した転送先に転送\n・出張や会議中に便利\n\n■無応答時転送\n・電話に出なかった場合に転送\n・忙しいときや不在時に便利\n\n■設定手順\n①転送先電話番号を登録\n→ 142 → ガイダンス → 2 → ガイダンス → 転送先電話番号 → ガイダンス → 完了\n②呼び出し回数を設定\n→ 142 → ガイダンス → 3 → ガイダンス → 呼び出し回数(0〜9) → ガイダンス → 完了\n③転送方法を選択\n→ 無条件転送：142 → ガイダンス → 1 → 1\n→ 無応答転送：142 → ガイダンス → 1 → 2\n④転送停止\n→ 142 → ガイダンス → 0 → 完了\n\n■詳細設定・設定方法は以下参照\nhttps://www.ntt-west.co.jp/denwa/voicewp/"
電話番号を複数持ちたい場合、どうすればいいですか？,"電話回線、電話番号を複数利用することは可能。\n\n■追加オプション\n・番号追加：110円（税込）\n・複数チャンネルオプション：220円（税込）\n\n■手数料\n・事務手数料：3,300円（税込）\n\n■必要機器\n・ビジネスホンが必要"
転送電話の通話料金はいくらかかりますか？,"1分 17.6円。\n1分単位で課金される。\n例)10分 17.6円*10回 = 176円"
国内の固定電話の通話料金はいくらかかりますか？,"3分 8.8円。\n3分単位で課金される。\n例) 10分 8.8円*10回 = 26.4円"
携帯電話への発信の通話料金はいくらかかりますか？,"1分 17.6円。\n1分単位で課金される。\n例) 10分 17.6円*10回 = 176円"
インターネットを解約して、電話だけの契約にしたい場合、どうすればいいですか？,"インターネットの廃止日を決定後、手続きを進める。\n工事は不要で、既存の設備をそのまま利用可能。\nプラン変更に伴い、事務手数料4,400円（税込）がかかる。\n\n■提供サービス\n・スリムひかり電話ネクスト\n・スリムひかり電話ネクストA\n\n■月額料金（税込）\n・スリムひかり電話ネクスト：2,750円\n・スリムひかり電話ネクストA：3,850円\n\nネクストAには以下のオプションが含まれる\n(ナンバーディスプレイ、ボイスワープ、キャッチホン、迷惑電話お断りサービス、ナンバーリクエスト、着信お知らせメール)\n\n■契約条件\n・契約期間：2年\n・満了月以外の解約：解約金2,200円"
電話プランに変更時、今までの利用期間はどうなりますか？解約金はかかりますか？,"解約金がかかる。\nプラン変更時にリセットされ、変更日が契約開始日となります。"
通話明細を出してほしい,"可能\n発行手数料 550円。"
引越し先でも同じ電話番号は使えますか？,"引越し先による。\n\n■提供エリア内の場合\n・NTT東西の光回線提供エリアであれば、電話番号の引継ぎが可能。\n\n■提供エリア外の場合\n・NTT東西の光回線提供エリア外だと、番号引継ぎができない。\n\n■例外\n・電柱やインフラの位置関係により、提供エリア内でも番号引継ぎができない場合がある。\n\n■提供エリア確認\n【西日本在住の方】\nhttps://flets-w.com/cart/index.php \n【東日本在住の方】\nhttps://flets.com/app2/search_c.html"
迷惑電話が多いので、電話を着信拒否したい場合、どうしたらいいですか？,"迷惑電話登録機能には、電話機側と回線側の2つのパターンがある。\n\n■電話機側\n・着信時に電話機から操作し、同じ番号からの着信を拒否できる。\n・無料で利用可能。ただし、ナンバーディスプレイ（440円税込）が必要。\n\n■回線側\n・ひかり電話番号毎または回線単位での登録が可能。\n・最大30個の番号を拒否登録できる。\n・月額 220円（税込）および事務手数料 3,300円（税込）が必要。\n・迷惑電話登録機能が装備された電話機を利用していれば、無料で利用可能（ナンバーディスプレイが必要）。"
電話のみの契約からWi-Fiを利用したい場合、どうすればいいですか？,"スリム光またはスリム光クロスへのプラン変更が必要。\n\n■手続き\n・NTTからHGW、当社からWi-Fiルーターが届いた後、インターネット設定を実施しWi-Fi接続。\n・V6プラスの場合はインターネット設定不要。\n\n■料金（税込）\n・ひかり電話ネクスト：2,750円（通常料金）、550円（ネットセット料金）\n・ひかり電話ネクストA：3,850円（通常料金）、1,650円（ネットセット料金）\n・クロスタイプ：6,050円（プロバイダー料金込み）\n・ギガタイプF：5,280円（プロバイダー料金込み）\n・ギガタイプM：3,850円（プロバイダー料金込み）\n\n■特徴\n・Wi-Fiルータープレゼント\n・回線工事不要\n・初期費用無料（事務手数料 4,400円など）\n・Wi-Fiでネット使い放題\n\n■キャンペーン\n・1年間 1,000円引き（電話＋インターネット料金から）"
電話リレーサービス料とは何ですか？,"電話リレーサービスは、聴覚や言語に障がいがある方が電話を利用できるサービス。\n電話リレーサービス料は、そのサービス提供に必要な費用で、全ての電話契約者が負担。\n詳細は下記総務省のページ参照：\nhttps://www.soumu.go.jp/menu_seisaku/ictseisaku/telephonerelay/index.html"
ユニバーサル料金とは何ですか？,"ユニバーサルサービスは、すべての人が平等に通信サービスを利用できるようにする仕組み。\nユニバーサル料は、通信インフラが整っていない地域にもサービスを提供するために、全ての電話利用者が負担する料金。\n詳細は下記総務省のページ参照： \nhttps://www.soumu.go.jp/main_sosiki/joho_tsusin/universalservice/"
電報は使えますか？,"ひかり電話から電報を送ることができる。\n■手順\n①「115」にダイヤル\n②電話番号と名前を伝える\n③オペレーターの質問に答え、電報の種類・お届け日・メッセージを伝える\n電報料金は、使用した電話番号の料金と一緒に支払い"
口座振替の振替日は毎月いつ頃になりますか？,"毎月27日\n27日が平日以外の場合は、翌日または翌々日の平日が引落日となる。"
毎月の利用料金の明細を郵送してもらえますか？,"口座振替・クレジット払いのお客様のみ可能。\n手数料として送料込み165円。\nマイページからも印刷できる。"
サービスを解約したい場合、どのように手続きをすればよろしいですか？,"解約連絡後、解約日を決定し、書面で送付。\nNTTルーター(ONUやHGW)は返却キッドを利用して返却。\nWi-Fいルーターをレンタルの場合も同様に返却キッドを利用して返却。利用月の翌月が最終の請求となる。"
メールアドレスを使いたい場合、どのようにすればよろしいですか？,"設定を遠隔又は口頭で案内。\n\n■ 設定方法ページURL\n・Outlook: https://support.microsoft.com/ja-jp/office/outlook-for-windows-%E3%81%AB%E3%83%A1%E3%83%BC%E3%83%AB-%E3%82%A2%E3%82%AB%E3%82%A6%E3%83%B3%E3%83%88%E3%82%92%E8%BF%BD%E5%8A%A0%E3%81%99%E3%82%8B-6e27792a-9267-4aa4-8bb6-c84ef146101b \n・Gmail: https://support.google.com/mail/answer/56256?hl=ja \n・Thunderbird：https://www.wikihow.jp/mozilla-thunderbird%E3%82%92%E3%82%BB%E3%83%83%E3%83%88%E3%82%A2%E3%83%83%E3%83%97%E3%81%99%E3%82%8B \n・Mac標準メール：https://support.apple.com/ja-jp/guide/mail/mlhl5094a9f2/16.0/mac/26 \n・iPhone / iPad：https://support.apple.com/ja-jp/102619 \n・Android：https://support.google.com/mail/answer/6078445?hl=ja"
IPv6に変更したい場合、どのように設定すればいいですか？,"■NTTルーター(HGW)タイプ\n１．HGW利用か確認\n２．当社よりIPv6プラス利用の信号を送信\n３．1日～2日で変更可能\n４．必要に応じて再起動案内\n※お客様側での操作は不要\n\n■Wi-Fiルータータイプ\n１．Wi-Fiルーター利用か確認\n２．当社よりIPv6プラス利用の信号を送信\n３．ルーター管理画面にログイン\n４．接続方法をPPPoEからIPv6に変更\n５．IPv6プラスを有効化→設定保存\n６．ルーターの再起動"
口座振替で残高不足の場合、どうやって利用料金を支払えばいいですか？,"コンビニ払い対応の請求書が自動郵送される。\n連絡をすれば銀行振込も可能。"
口座振替で料金の引き落としがされなかった理由は何がありますか？,"①残高不足\n②口座振替の登録未完了\n③口座情報の不備・相違\n④口座が利用できない状態\n⑤金融機関側の事情\n⑥振替依頼書の不備・未返送"
マイページの利用方法を教えてください。,"マイページログインURL：https://www.slim-j.net/mypage/ \n※IDとパスワードは会員登録書に記載。紛失時は再発行に数日かかる。\nログイン後、年・月毎で検索可能。閲覧や明細書の印刷などに利用できる。"
Wi-Fiセキュリティ規格WPAとはなんですか？,"WPAは、Wi-Fiの通信を暗号化し、第三者の盗聴や不正接続を防ぐ規格。\nパスワードを知っている端末だけが接続可能。\n\n■WPAの種類\n- WPA（初期規格）\n・WEPの弱点を補うために登場、現在は非推奨\n- WPA2（現在も主流）\n・AES暗号方式採用、家庭用・法人用とも安全\n- WPA3（最新規格）\n・より強固な暗号方式\n・推測されやすいパスワードでも攻撃に強い\n・公衆Wi-Fiでも通信内容を保護\n\n■WPA3のメリット\n- WPA2で問題となった攻撃手法に耐性\n- パスワード総当たり攻撃に強い\n- 設定自動化でミスを防止"
マイページのIDをパスワードを紛失した場合、どうすればいいですか？,"会員登録証の再発行で対応。\n手元に届くまで数日かかる。"
スリム光サービスの月額料金を教えてください。,"東西一律（プロバイダー込み、税込）\n- スリム光クロス：6,050円\n- スリム光ギガタイプファミリータイプ：5,280円\n- スリム光ギガタイプマンションタイプ：3,850円\n- スリムひかり電話ネクスト：2,750円\n- スリムひかり電話ネクストA：3,850円"
スリムBBとは何ですか？,"当社独自のインターネットプロバイダーサービス\n\n■プロバイダーとは\nインターネットに接続するためのサービスを提供する事業者のこと(ISPとも呼ばれる)\n\n■月額料金\n1,100円（税込）\n\n■初期費用\n無料\n\n■接続方式\nIPoE、PPPoE\n\n■支払い方法\n請求書払い・口座振替・クレジット支払・ドコモ携帯電話合算の4種類\n\n■契約期間\n2年完走型\n\n■解約金\n2年未満の場合 1,100円\n\n■メールアドレス\n最大3つまで"
同じ敷地でルーターの場所を移動する場合、どうしたらいいですか？,"敷地内移転扱い。\n\n- Wi-FiルーターやTPLinkの移動：単純に場所を移動するだけで利用可能\n- HGWなどの移動の場合：NTTへの報告や工事が必要\n・移転工事完了までおおよそ1ヶ月\n・工事が発生する場合は料金がかかる可能性あり"
電話が使えなくなった場合、どうすればいいですか？,"以下の手順で確認。\n\n①お客様の固定電話にかけてみる\n→通話が繋がらない、無音、または故障ガイダンスが流れた場合は故障の可能性\n\n②電源の確認\n→電源ケーブルが抜けていないか確認し、再接続\n\n③回線の確認\n→故障センター（0120-805-113）に問い合わせ、回線の状態を確認\n\n改善しない場合\n→故障センター職員が訪問する場合がある\n※自然故障でない場合、料金が発生することがある"
送付住所変更希望,"毎月届く請求書や明細などの送付物の宛名・住所に変更されたい場合は、お電話のみ承っております。\n0120-36-3624までお問い合わせください。"
解約はどのくらいまえに連絡すればよろしいですか,"解約を希望する1ヶ月前までにご連絡ください。"
請求書の支払期限がきれてしまいました。どのようにすればよろしいですか,"自動的に再送されます。"
V6プラスを利用したい,"0120-36-3624までお問い合わせください。\n当社にてV6プラスの信号を送信し、翌日からご利用頂けます。\n※インターネット(V6プラス)がご利用できない場合は、何らかの理由がございますので、こちらも当社までお問い合わせください。"
V6プラスをきってほしい,"0120-36-3624までお問い合わせください。\n当社にてV6プラスの信号を切断後、翌日からご利用頂けなくなります。"
プロバイダのパスワードを無くしました。再度発行してもらえますか,"再発行可能です。\n0120-36-3624までお問い合わせください。"
ONUとはなんですか,"ONU(光回線終端装置)とは、光回線を利用するために光信号とデジタル信号を相互に変換する機器です。\n光ファイバーケーブルから送られてくる光信号をデジタル信号に変換したりパソコンやスマートフォンなどの端末から送られてくるデジタル信号を光信号に変換する役割を果たします。\nこの装置がないとインターネットや固定電話がご利用できません。"
ホームゲートウェイ(HGW)とはなんですか,"ホームゲートウェイ(HGW)とは、光回線やひかり電話などの機能が一体になった機器です。\n一般的に「ひかり電話対応ルーター」とも呼ばれます。"
ホームゲートウェイのランプ状態について,"下記URLをご参照ください。\n\nNTT西日本参考サイト\nhttps://flets-w.com/user/support/solve/notconnect/check_03/ \n\nNTT東日本参考サイト\nhttps://web113.ntt-east.co.jp/selfcheck/internet/"
電話番号を解約して、ネットだけにしたい,"可能です。\nNTTルーターが変更になる場合・再設定が必要になる場合がございます。"
解約後について,"解約後、何かしらのサービスがご利用いただけなくなった場合、当社では責任を持つことはできません。\n早急にご利用の復旧に向け手続きを致しますが、お時間が要する場合がございますので解約をご検討・事業者変更の場合は特にご注意ください。"
リモートサポートについて,"遠隔ソフトを使って当社にて、セキュリティソフトのインストール・メールアドレスの設定などを支援するサポートメニューとなります。\n月額料金 550円\n事務契約手数料 0円"
スリムテレビについて,"スリムテレビとは、NTT東西のフレッツテレビと同等のサービスとなります。\n月額料金 825円で地デジとBSサービスをご利用頂けます。\nご利用頂けるチャンネルは、地域により異なります。\nNTT西日本 参考URL\nhttps://flets-w.com/opt/ftv/terms/channel.html \n\nNTT東日本 参考URL\nhttps://flets.com/ftv/channel.html \n\nご利用頂くには、提供エリアでかつ、対応のルーター・テレビ配線が必要となります。\n詳しくは0120-36-3624までお問い合わせください。"
電話のみの利用は可能ですか,"ご利用可能です"
故障センターに繋がる番号を教えてください,"下記が窓口となります。\n電話が使えない・光ファイバーが断線したなどの故障時の場合\n・0120-805-113 9時〜17時 (17時以降は録音により順次折り返し対応となります)\n\nインターネットが使えないなどの場合\n・0120-36-3624 10時〜19時(土 10時〜17時) ※日・祝除く"
公式LINEのIDを教えてください,"@479bygytになります。"
インターネットの接続設定について,"設定方法ですが、4通りございます。\n\nPPPoE設定\n◆NTTルーター(HGW)の設定する場合 ※ONUのみは対象外\nNTTルータ(HGW)をパソコンをインターネットケーブル(LANケーブル)で繋ぎます。(スマートフォンで設定の場合は、Wi-Fiルーターを用意しアクセスポイントモードに切替Wi-Fi経由で接続します)\nインターネットを開き、192.168.1.1 と検索し、ログイン画面を表示します。\nID user パスワード user を入力し、ログインをして頂きます。\n※ログインできない場合は初期化が必要になる場合がございます。(ひかり電話番号が2契約以上ある場合は、当社までご連絡ください。)\n\nその後、接続先設定の画面が表示されていた場合は、接続先名 スリム 接続先ユーザ名 当社より送付しているID情報 接続パスワード 当社より送付しているパスワード情報をご入力します。\n入力後、画面を下にスクロールいただき、設定をクリックいただき、設定完了です。\n無事インターネットが繋がると、NTTルーター(HGW)のPPPoEランプが緑に点灯します。\n※画面がでてこない場合は、左のタブの接続先設定IPv4 PPPoEをクリック頂き、画面中部のメインセッションをクリック頂くと表示されます。\n\n◆各種Wi-Fiルーターに設定する場合\n各種Wi-Fiルーターを参照ください。\n\n参考URL PPPoE設定\n【TPLINK】https://www.tp-link.com/jp/support/faq/87/ \n【NEC】https://www.aterm.jp/support/guide/ \n【BUFFALO】https://www.buffalo.jp/support/faq/detail/129.html \n【ELECOM】https://qa.elecom.co.jp/faq_detail.html?id=4003&category=152 \n【ASUS】https://www.asus.com/jp/support/faq/1005263/ \n【I-O DATA】https://www.iodata.jp/support/qanda/answer/s30352.htm \n\nIPoE\n◆NTTルーター(HGW)の設定する場合 ※ONUのみは対象外\n当社より、IPoE方式でご利用するための信号を送信いたします。\n翌日以降ご利用頂けます。\n※当社の信号が送信できない理由(解消までご利用できません)\n他社様のIPoEの信号が切れてない・契約者・CAF相違で現地のルーターが識別できない・NTTルーター(HGW)の電源が入ってないなど。\n\n◆各種Wi-Fiルーターに設定する場合\n\n参考URL (IPv6プラス設定)\n【TPLINK】https://www.tp-link.com/jp/support/faq/87/ \n【NEC】https://www.aterm.jp/support/guide/ \n【BUFFALO】https://www.buffalo.jp/support/faq/detail/129.html \n【ELECOM】https://qa.elecom.co.jp/faq_detail.html?id=4003&category=152 \n【ASUS】https://www.asus.com/jp/support/faq/1005263/ \n【I-O DATA】https://www.iodata.jp/support/qanda/answer/s30352.htm"
PPPOEとIPOEについて,"PPoEとIPoEは、インターネットに接続する方式の違いです。\nPPPoEは従来の方式で、IPoEは次世代の方式です。\n\nPPPoE\n接続方式 プロバイダーの網終端装置を経由するトンネル方式\n通信速度 最大1Gbps\nインターネットプロトコル IPv4のみ対応\n接続時の認証 IDとパスワードの入力が必要\n\nIPoE\n接続方式 プロバイダのネットワーク（イーサネット）に直接接続するネイティブ方式\n通信速度 最大10Gbps\nインターネットプロトコル IPv4とIPv6の両方に対応\n接続時の認証 IDとパスワードの入力が不要"
CAP番号について,"CAF番号(キャフ番号)とは、フレッツ光やスリム光などの光回線の契約時にNTTから発行されるお客さまIDです。\n英数字で構成されており、光回線そのものの識別番号として機能します。\n当社では、V6プラスの信号を送信するときに利用します。"
事務手数料について,"事務手数料ですが、電話オプションの追加が3300円と回線種別変更が4400円となります。\nご契約情報の変更の時にかかります。"
移転工事費用について,"契約料 880円 引込工事料金が22000円となります。\nひかり電話・スリムテレビがある場合、別途費用がかかります。"
TPLINKの中継器設定について,"TP-Linkの中継器の設定には、Wi-FiルーターのWPSボタンを使用する方法や、スマートフォンアプリ「Tether」を使用する方法などがあります。\n\n【WPSボタンを使用する方法】\n中継器をWi-Fiルーターのそばのコンセントに接続します。\nWi-FiルーターのWPSボタン(AOSSやかんたん接続ボタン9を押します。\n中継器のWPSボタンを押します。\n中継器のランプが点灯に変わるまで待ちます。\nランプが点灯後、設定完了になります。\n\n参考URL\nhttps://www.tp-link.com/jp/support/faq/1699/"
ゲーム機をインターネットに接続する方法,"各種URL\nhttps://support.nintendo.com/jp/switch/internet/wireless.html \nhttps://support.nintendo.com/jp/switch/internet/wired.html \nhttps://www.playstation.com/ja-jp/support/connectivity/internet-connect-playstation/"
WiFiの接続方法について,"Wi-Fiに接続するには、Wi-FiルーターとWi-Fi対応の機器(パソコンやスマートフォンなど)が必要です。\nネットワーク名(SSID)と暗号化キー(パスワード)を入力することで接続できます。"
落雷直後からネットが使えなくなった,"落雷直後にインターネットが使えなくなった場合は、機器の電源を再起動したり、ケーブルを接続し直したりすることで改善する場合があります。\n\n【対処法】\nモデムや機器の電源を再起動する。\nモデムや機器の電源コードを抜き、数分間待って差込み直す。\nケーブルを再接続する。\n電源コードが抜かれていなかった場合は、外してから10秒ほど時間を空けたあとに再度接続する。\nネットワーク機器に異常が発生しているかどうかを確認する。\n\n【注意点】\n雷が完全に止んでから再起動を行うのが安全です。\nケーブルの再接続後もインターネットに接続できないときは、ネットワーク機器に異常が発生しているかどうかを確認します。\n雷サージによる一時的な障害であれば、再起動することで問題が解消することがあります。\n雷によってPC周辺機器が故障してしまうと、インターネット接続ができなくなってしまいます。"
再起動について,"インターネットや電話が繋がらなくなった時に、NTTルーター(HGW)やWi-Fiルーターを再起動すると、インターネットや電話が復旧する場合がございます。\nインターネットや電話が繋がらなくなった時に、電源のオフ・オンをお試しください。"
ネットが途切れる,"インターネットが途切れる原因には、端末や機器、通信方式、回線事業者側の問題などが有ります。\n\n【端末や機器の問題】\n端末やアプリが古い\nメモリやCPUなどのスペックが不足している\nOSがアップデートされていない\nブラウザやアプリのバージョンが古い\nルーターやモデムが熱を持ち不具合を起こしている\n\n【通信方式の問題】\nIPv4という通信方式はアクセス集中に弱く、混雑しがちな時間帯に通信速度が低下する可能性がある\n\n【回線事業者側の問題】\n基地局の設備に不備が起きている\n接続に関するオペレーションにトラブルが生じていたりする\n\n【その他の原因】\nWi-Fiの電波干渉が起きている\nIPアドレスが重複している\nアクセスポイントの位置が悪い\nネットワークの帯域が不足している\n外部から攻撃を受けている\nセキュリティ対策ソフトの設定によっては特定のサイトに接続できない\n複数のセキュリティ対策ソフトをインストールしていると不具合が生じる\n"
通信速度が遅くなる原因,"通信速度が遅くなる原因には、機器や回線、電波干渉、接続台数などさまざまな要因が考えられます。\n\n【端末・機器側の問題】\nスマホ(パソコン)のストレージやメモリが不足している\nスマホ(パソコン)のOSがアップデートされていない\nスマホ本体(パソコン)やバッテリーが劣化・故障している\n古い機種のスマホ(パソコン)を使っている\n\n【電波干渉の問題】\n電子レンジなどの電波を発する家電やBluetoothとの電波干渉\n5Gの電波が直進性が高いという特性\n電波が届かない\n\n【設定の問題】\nループ接続されている\n\n【接続台数】\nWi-Fiルーターごとに接続台数が決まっており、同時に利用していると通信速度が落ちる傾向がある"
TPLINKルーター(WIFIルーター)の設定について,"① TPLINKルーターのポート(黄色)とNTTのルーター(HGW(一番上部(埋まってる場合はその下部))・ONU(1箇所のみ)をインターネットケーブル(LANケーブル)で繋ぎます。\n② パソコン・スマートフォンにてWi-Fi接続を行います。※Wi-FiのパスワードはTPLINKのルーターの裏に記載があります。\n③ 接続された状態で、インターネットを開きます。\n④ 検索で、tplinkwifi.net 192.168.0.1のどちらかを検索します。\n⑤ ログイン画面が表示されましたら、IDにadmin パスワードはお客様が決めて頂きます。（もし既に設定されている場合は、初期化又は当社までご連絡ください）\n⑥ クイックセットアップを選択して頂き、あとは画面に従い各種情報をご入力頂きます。（プロバイダのセットアップ情報必要）\n※V6プラスの方は、予め当社までご連絡ください。ご連絡頂いた後にV6プラスの信号を配信いたします。それ以外の方はPPPoEをご選択ください。\n以上で設定完了です。\n\n【TPLINK】https://www.tp-link.com/jp/support/faq/87/"
その他のルーターの設定について,"各種Wi-Fiルーターの設定ですが、当社のお客様に限り可能な範囲で対応させて頂きます。\n0120-36-3624までお問い合わせください。\n参考URL\n【TPLINK】https://www.tp-link.com/jp/support/faq/87/ \n【NEC】https://www.aterm.jp/support/guide/ \n【BUFFALO】https://www.buffalo.jp/support/faq/detail/129.html \n【ELECOM】https://qa.elecom.co.jp/faq_detail.html?id=4003&category=152 \n【ASUS】https://www.asus.com/jp/support/faq/1005263/ \n【I-O DATA】https://www.iodata.jp/support/qanda/answer/s30352.htm"
送付物(請求書)の変更について,"毎月届く請求書や明細などの送付物の宛名・住所に変更されたい場合は、お電話のみ承っております。\n0120-36-3624までお問い合わせください。"
10Gpsスリム光クロスを利用したい,"プラン変更の場合と新設の場合により異なります。\n\n【プラン変更の場合】\n各種ルーターやプロバイダをクロスタイプに変更が必要な場合がございます。\n【新設の場合】\n対応機器を工事当日に当社がご用意いたします。\n詳しくは0120-36-3624までお問い合わせください。"
転用承諾番号について,"転用承諾番号とは、NTT東西と光回線契約をしている人が、光コラボレーション事業者へ光回線の契約を乗り換える際に必要な番号です。\nNTT東西の「フレッツ光」より、「スリム光」に変更するときに必要な番号となります。\n\n【取得方法】\n・インターネットからのご取得を検討されているお客様\n(西日本在住の方)\nhttps://flets-w.com/collabo/tenyou/entry/ \n\n(東日本在住の方)\nhttps://flets.com/app4/input/index/ \n\n・電話でご取得を検討されているお客様\n(西日本在住の方)\n0120-553-104\n受付時間 9:00〜17:00 土日・祝日も営業(年末年始を除く)\n\n(東日本在住の方)\n0120-140-202\n受付時間 9:00〜17:00 土日・祝日も営業(年末年始を除く)"
新規申込について,"・お引越し\nお引越し先がNTT東西の光回線提供エリア内であればサービスを引き続きご利用頂けます。\nなお、提供エリアであってもまれにNTT東西の光ファイバーが電柱などの位置関係によりルート外になる場合、管理会社さま等から許可をいただけない場合があります。\n詳しくは0120-36-3624までお問い合わせください。\n\nおおよそ目安\n戸建て １ヶ月程度\n集合住宅(光配線のマンション設備がある場合) 2週間〜3週間程度\n集合住宅・テナント(光配線のマンション設備がない場合) 2週間〜3ヶ月程度\n引越し特典\n工事費&パソコン設定サービス無料\n開通まではモバイルレンタルサービスで快適インターネット"
提供エリアについて,"NTT東西と同様の提供エリアとなります。\n下記URLにて判断をすることができます。\n\n【西日本在住の方】\nhttps://flets.ntt-west.co.jp/area/areaSearch?__kzd=.flets-w.com&__kzi=8ccbe91c-11a2-53cb-be9b-c9b1bfefa8f2&__kzn=bc32dfe4fa3d.152.6&__kzt=1740446408367&_ga=2.265446730.496328287.1740446406-1130162286.1707823222&_gl=1%2A1dv03r8%2A_ga%2AMTEzMDE2MjI4Ni4xNzA3ODIzMjIy%2A_ga_XHGD36LSCD%2AMTc0MDQ0NjQwNi4yOTEuMC4xNzQwNDQ2NDA3LjU5LjAuMA.. \n\n【東日本在住の方】\nhttps://flets.com/app2/search_c.html"
工事ができない理由について,"工事ができない理由についてはいくつかあります。\n① 建物上の都合\n② 提供エリア外(ルート外)\n③ 光に対応ができない機器がある\n\n他社様にて工事ができないなどが有った場合、当社では光ファイバーを引込するための配管工事などの付帯工事も行っております。\n0120-36-3624までお気軽にお問い合わせくださいませ。"
サ総(サービス総合工事について),"サ総(サービス総合工事)とは、NTTの通信設備設置工事のことで、主に電柱や地下などの設備から配線を新設し、必要な機器を取り付ける工事を指します。\n光回線を引き込むにあたり、必要な工事となります。"
申込から工事までの流れ,"お申込みですが、当社コールセンター・営業スタッフ・指定販売店からお申込み頂けます。\nお申込み後、工事日のご案内をいたします。(お申込後から3日〜2ケ月)\n※建物上・機器の関係で現場調査が必要な場合は、工事までに調査を当社で実施いたします。\n工事当日に工事立会いを頂きます。\n各種設定を行い、インターネット及び電話サービスがご利用いただけるようになります。"
工事後の当社フォローについて,"スリム光工事完了後、お客様のインターネット(固定電話含む)の保守・サポートは当社で行います。\nお電話の故障・インターネットの故障が発生した場合は、0120-36-3624までお問い合わせください。\n※パソコンの故障や、スマートフォン等の故障、複合機の故障などは当社で対応できませんので予めご了承ください。"
加入権について,"加入権とは、NTT東日本やNTT西日本の固定電話回線を契約するための権利で、正式には「施設設置負担金」と呼ばれます。"
ビジネスホンですが、ひかり電話を利用できますか,"基本的にはご利用頂けますが古い機種の場合、一部ご利用できない又は設定ができない場合がございます。\nスリム光の新規でのお申込みの場合、光の工事前に電話機調査を実施いたしますので、ご利用できない場合はその際にお伝えいたします。"
複合機について,"複合機ですが、基本的には「スリム光」に対応しております。\nご利用いただくにはスリム光のIPアドレスまたは複合機側の設定が必要な場合がございます。\nスリム光のグループIPアドレスを複合機で設定していただくか、複合機側のグループIPアドレスをスリム光のルーターに設定する必要があります。\nお電話でサポートまたは訪問でもサポート(有料)ができますので、お困りの場合は便利な訪問サポートをご活用ください。"
IPアドレスとは何ですか,"IPアドレスとは、インターネットに接続されている機器を識別するための番号です。\nインターネット上の住所や電話番号のような役割を果たしており、通信するデバイスにアクセスするための場所情報が含まれています。"
ポスレジ・カラオケ・警備端末・クレジットなどを利用したい、またはスリム光に対応していますか,"「スリム光」は、NTT東西の光コラボレーションとなりますので、基本的にはNTT東西の「フレッツ光」がその機器に対応しているのであれば対応可能です。\n「フレッツ光」が対応していない場合は、「スリム光」でも対応はできません。\n詳しくはご利用メーカーに、「フレッツ光」が対応しているかをご確認ください。"
ひかり電話の必要チャネル数を聞かれました。チャネルとは何ですか,"ご利用されたい回線数のことになります。\n申込チャネル数により、同時に発着信できる台数が異なります。\n2チャネルであれば、2台同時に発着信できますが、3台目以降は話中音(キャッチホン無)が相手に流れます。\n3台同時に発着信をご利用されたい場合は、台数分のチャネルの申込が必要になります。\nまた、ご利用されるチャネル数に応じ、申込タイプも異なります。\n詳しくは0120-36-3624までお問い合わせください。"
フリーダイヤル(フリーアクセス)の申込をしたいです。,"月額料金 1100円\n登録事務手数料 3300円\n申込後、フリーアクセスの番号をご案内します。\n番号決定後、7日後(土日祝を除く)からサービスをご利用頂けます。"
あなたの名前を教えて,"私はスリム通信社内のサポート用チャットボットです。名前を決めてほしいです！"
Wi-Fiの2.4GHzと5GHzの違いは何ですか？,"2.4GHzは通信距離が広く、壁や床などの障害物に強いという特徴があります。\nルーターから離れた部屋や、階が異なる部屋でご利用の場合におすすめです。\n\n一方、5GHzは通信距離が狭く、障害物に弱いですが、通信速度が速いという特徴があります。\nルーターの近くで接続してご利用いただく場合におすすめです。"
Wi-Fiが不安定な場合、周波数を変えた方がいいですか？,"通信が不安定な場合、ルーターとの距離や間に障害物がないかをご確認ください。ルーターから遠い場所では2.4GHz、ルーターの近くでは5GHzを使用することで、安定した通信が期待できます。"
5GHzのWi-Fiはどのような時に使うべきですか？,"5GHzは通信速度が速いため、ルーターの近くで動画視聴やオンラインゲームなど、高速な通信が必要な場合のご利用をおすすめします。"
2.4GHzのWi-Fiはどのような時に使うべきですか？,"2.4GHzは通信距離が広く障害物に強いため、ルーターと離れた場所にある部屋や、階が違う部屋でインターネットをご利用になる場合におすすめです。"
ルーターと違う部屋でWi-Fiを使いたいんですが、どの周波数に設定すればいいですか？,"ルーターと違う部屋でWi-Fiを利用する場合、2.4GHz帯の利用をおすすめします。2.4GHz帯は壁や床などの障害物に強く、通信が安定しやすい特性があります。"
新しいスマホやPCに買い替えたのですが、インターネットの設定はどうすればいいですか？,"回線側での特別な設定は不要です。新しい端末側でWi-Fi接続の設定を行ってください。以下に各OSの設定方法のURLを記載します。\n・Windows:https://support.microsoft.com/ja-jp/windows/windows-%E3%81%A7-wi-fi-%E3%83%8D%E3%83%83%E3%83%88%E3%83%AF%E3%83%BC%E3%82%AF%E3%81%AB%E6%8E%A5%E7%B6%9A%E3%81%99%E3%82%8B-1f881677-b569-0cd5-010d-e3cd3579d263 \n・Android:https://support.google.com/android/answer/9075847?hl=ja \n・IPhone:https://support.apple.com/ja-jp/111107"
新しい端末にWi-Fiを設定したいのですが、どうすればいいですか？,"新しいパソコンやスマートフォンでのWi-Fi設定は、端末側の操作のみで完了します。回線側での手続きは必要ありません。詳しい設定方法については、お使いの端末のOSに応じた以下のURLをご参照ください。\n・Windows:https://support.microsoft.com/ja-jp/windows/windows-%E3%81%A7-wi-fi-%E3%83%8D%E3%83%83%E3%83%88%E3%83%AF%E3%83%BC%E3%82%AF%E3%81%AB%E6%8E%A5%E7%B6%9A%E3%81%99%E3%82%8B-1f881677-b569-0cd5-010d-e3cd3579d263 \n・Android:https://support.google.com/android/answer/9075847?hl=ja \n・IPhone:https://support.apple.com/ja-jp/111107"
スリム光を契約したいのですが、最初にいくら支払う必要がありますか？,"スリム光の初期費用は、契約料が880円、引込工事料金が22,000円です。ひかり電話やスリムテレビを同時にお申し込みの場合は、別途費用がかかります。"
料金を支払い忘れてインターネットが止まってしまいました。再開するにはどうすればいいですか？,"未納分の料金をお支払いいただいた後、およそ1時間ほどでサービスの利用を再開できます。お支払いの後のご連絡は、平日10時〜19時、土曜日10時〜17時の間に当社までお問い合せください。"
料金を支払ったのですが、電話が使えません。いつから再開しますか？,"未納分の料金をお支払いいただいてから、約1時間でサービスが再開されます。サービス再開に関するお問い合わせは、平日10時〜19時、土曜日10時〜17時にお願いします。"
未払い分を支払って、すぐにインターネットを使えるようにしたいです。,"お支払い確認後、1時間ほどでインターネットのご利用を再開いただけます。早めの再開をご希望でしたら、平日10時〜19時、土曜日10時〜17時の間に当社までご連絡ください。"
お引越し先でもスリム光を使えますか？,"はい、スリム光サービスはNTT東西のフレッツ光と同じ提供エリアでご利用いただけます。以下のURLから、お引越し先が提供エリア内かどうかをご確認いただけます。\n提供エリア検索URL:https://bb-fletsnavi.com/westlp/nttwest/index.html?vd=g1_5_2&gad_source=1&gad_campaignid=22613274467&gbraid=0AAAAA_yDh7HgPrwXQE2cYcWahoCyurNme&gclid=CjwKCAjwiY_GBhBEEiwAFaghvtjmVM4oU-xi7ssgbMYWBRYK9are89Qbfbe5Lxl9ClEqKatp88o05hoCSl0QAvD_BwE"
引越しを考えています。スリム光の提供エリアを確認したいです。,"スリム光はNTT東西のフレッツ光を同じエリアでご利用可能です。提供エリアの確認は、下記のNTT西日本のエリア検索URLから行ってください。"
スリム光の引越し手続きは可能ですか？,"はい、可能です。お引越し先でもサービスをご利用いただけるか、まずはNTT東西の提供エリア検索サイトでご確認ください。"
他社へ乗り換えるために事業者変更番号を発行してほしいです。どうすればいいですか？,"事業者変更番号は、当社が払い出しいたしますので、お手数ですが0120-36-3624までお問い合わせください。なりすまし防止のため、ご契約者様ご本人に確認後、番号を発行いたします。"
事業者変更番号の発行にはどのくらい時間がかかりますか？,"事業者変更番号の発行にはお時間がかかります。また、ご契約者様ご本人の確認や、お支払い状況によっては発行できない場合もございますので、詳細は0120-36-3624までお問い合わせください。"
スリム光の支払い方法を変更したいのですが、どのような方法がありますか？,"お支払い方法は、以下の3種類からお選びいただけます。\n・請求書払い（手数料：275円）\n・口座振替（手数料：110円）\n・クレジットカード払い（手数料：0円）"
支払い方法によって手数料は変わりますか？,"はい、お支払い方法によって手数料が異なります。口座振替は110円、請求書払いは275円かかりますが、クレジットカード払いの手数料は無料です。"
口座振替にすると、いつ引き落とされますか？,"口座振替の場合、ご利用月の翌月27日に引き落となります。"
請求書払い・口座振替・クレジットカード払いのそれぞれの特徴を教えてください。,"・請求書払い：毎月中旬頃に請求書が届き、手数料が275円かかります。\n・口座振替：翌月27日に自動で引き落とされ、手数料は110円です。\n・クレジットカード払い：手数料は無料で、手続きも簡単です。"
スリム光の初期費用はいくらですか？,"スリム光の初期費用は、契約料が880円、引込工事料金が22,000円です。ひかり電話やスリムテレビを同時にお申し込みの場合は、別途費用がかかります。"
スリム光の導入にかかる費用を教えて。,"スリム光の初期費用は、契約料が880円、引込工事料金が22,000円です。ひかり電話やスリムテレビを同時にお申し込みの場合は、別途費用がかかります。"
スリム光を契約するのに最初にかかるお金は？,"スリム光の初期費用は、契約料が880円、引込工事料金が22,000円です。ひかり電話やスリムテレビを同時にお申し込みの場合は、別途費用がかかります。"
転用番号をオペレーターが取得する場合の手順を教えてください。,"以下の手順で対応する。\n\n①東日本/西日本の区分を確認\n②NTT名義と利用場所を確認\n③該当エリアの転用番号取得ページへアクセス\n・西日本：https://flets-w.com/collabo/tenyou/entry/ \n・東日本：https://flets.com/app4/input/index/ \n④画面案内に従い必要事項を入力し転用番号を取得\n⑤番号を顧客へ案内、またはそのまま手続きを進行\n\n※お客様ID（CAFで始まる13桁）は開通案内書やNTT機器に搭載されている場合がある\n※プロバイダー料金の二重請求防止のため、切替日を必ず確認する\n※最終的に取得できる転用番号は以下\n・西日本：Wから始まる10桁\n・東日本：Eから始まる10桁"
事業者変更番号を発行した後の解約手順を教えてください。,"以下の流れで対応する。\n\n①お客様が変更先事業者へ番号を提出\n②切替日を必ず確認\n③切替完了後、当社側で解約処理を実施\n④解約完了まで約1週間かかる\n\n※月末切替の場合、解約日は翌月末になることがある\n※月初・月中切替であれば当月解約可能"
事業者変更時の注意点や過去のトラブル事例を教えてください。,"過去に以下のようなトラブルが発生している。\n\n・事業者変更後、インターネットが使えなくなった\n・聞いていた料金より高額になった\n・当社で受けられていたサポートが受けられなくなった\n・レンタル機器の返却が必要だった\n・解約金や手数料が返金されなかった\n・変更後、営業担当と連絡が取れなくなった\n\n■発行時の注意\n・契約者本人以外の対応不可\n・支払状況によっては発行不可\n・成りすまし防止のため、本人確認後に発行"
毎月の利用料金の明細書は発行できますか？,"発行可能。\n\n・利用料金明細書：165円（税込）\n※１か月ごとの発行"
通話明細書は発行できますか？,"発行可能。\n\n・通話明細書：550円（税込）\n１か月ごとの発行"
確定申告用の通信費明細は発行できますか？,"発行可能。\n\n・通信費明細（1年分）：330円（税込）"
支払い明細書は発行できますか？,"発行可能。\n\n・支払い明細書：220円（税込）\n※１か月ごとの発行"
オプションの登録事務手数料はいつ発生しますか？,"オプション追加時に登録事務手数料3,300円が発生する。\n\n・同日に複数のオプションを申し込む場合：3,300円は1回のみ\n・日をまたいで申し込む場合：申込ごとに3,300円発生"
インターネットの設定で、IPoEとは何ですか？,"IPoEとは、より高速で接続時間が短縮される新しい接続方式。\nメリット：\n・ID・パスワードなしで接続\n・高速で遅延が少ない\n・接続が安定しており、特に速度を重視するユーザーに適している"
PPPoEとIPoEの違いは何ですか？,"主な違いは以下の通り\n\n■PPPoE\n・接続時にID・パスワードで認証\n接続時に遅延が生じることがある\n・安定した接続を重視\n\n■IPoE\n・ID・パスワードなしで接続\n・高速で遅延が少ない\n・より高速なインターネットを希望する場合に適している"
IPv6設定変更時のトラブルや注意事項を教えてください,"①IPv6にしたのにネットが出ない\n原因：PPPoE設定が残っている、ルーターがIPv6プラス非対応\n対応：PPPoE削除確認、対応機種かメーカーHP確認\n\n②HGWなのに設定を触ろうとしている\n→不要。HGWは当社処理のみ、再起動案内で終了\n\n③ONU＋Wi-Fi＋HGWの三重構成\n構成：ONU→HGW→Wi－Fiルーター(RTモード)\n対応：Wi－FiルーターはAPモードに変更、ルーターでのIPv6設定は不要"
敷地内移転とは何ですか？,"敷地内移転とは、同じ建物・同じ敷地の中で、ルーターやONU、HGWなどの設置場所だけを移動すること。\n住所変更や回線解約を伴わない、配線・設置位置の変更。"
WEPとは何ですか？,"WEPは、昔のWi-Fi用セキュリティ規格。\n暗号化の仕組みが弱く、数分～数十分で解読できるため非推奨"
AES暗号方式とは何ですか？,"AESは、現在のWi-Fiや政府機関でも使われている強力な暗号方式。\n非常に解読が困難で安全とされているため、WPA2・WPA3で使用"
WPA2で問題となった攻撃手法とは何ですか？,"代表的なものがKRACK攻撃。\nWPA2の通信開始時の仕組みの弱点を突く攻撃で、パスワードを盗むのではなく通信の暗号を一時的に弱める。"
パスワード総当たり攻撃とは何ですか？,"考えられるパスワードを片っ端から試す攻撃。\n短くて単純なパスワードほど危険"